,Player,Share,predictions,Rk,Predicted_Rk,Diff
477,Giannis Antetokounmpo,0,0.20032180136714134,232,1,231
15,Nikola Jokić,0,0.1955057140958562,414,2,412
31,Joel Embiid,0,0.16542427627692455,392,3,389
463,Luka Dončić,0,0.16423897356421793,256,4,252
326,LeBron James,0,0.14720475979737732,81,5,76
